EvidenceID,Stakeholder,Domain,Problem,Mechanism,RootCauseHypothesis,ClaimStatus,SourceTier,SourceID,EvidenceSummary,InternalValidation,RecommendedControl,SuccessKPI,ControlType
E01,Customer,Support / Refunds,Complex support cases require live-agent attention across systems.,Fragmented source of truth,"Support case state was historically distributed across disconnected tools, creating context-switching and inconsistent handling.",Confirmed mechanism,B,S4,DoorDash states agents historically navigated multiple disconnected internal and third-party tools and that the new platform aimed to eliminate fragmentation and create a single source of truth.,"For one incident ID, compare the number of systems touched, handoffs, agent context switches, resolution time and reopen rate.",Canonical case state plus shared evidence timeline across channels.,First-contact resolution; reopen rate; handoffs per case; time to resolution.,State / case management
E02,Customer,Fraud / Checkout,Legitimate activity can be blocked by overly conservative fraud logic.,Rule-governance false positive,"Fast-changing high-stakes rules require controlled versioning, backtesting, shadow evaluation and gradual rollout.",Confirmed mechanism,B,S5,DoorDash says excessively conservative rules sometimes blocked legitimate activity and that broad conditions can affect thousands of legitimate users quickly.,"Measure rule-level false-positive proxy, appeal overturn, impacted segments, and decision changes across rule versions.","Versioned rules, backtesting, shadow mode, experiments, audit logs and rollback.",False-positive rate; appeal overturn; precision/recall; rollback frequency.,Rule governance
E05,Merchant,Promotions,Promotion accounting can require manual reconciliation.,Cross-system reconciliation,"Promotion identity and funding allocation must stay consistent across DoorDash, integrations/POS and merchant accounting, including co-funded and stacked promos.",Confirmed mechanism,B,S7,DoorDash says promotion reconciliation can be time-consuming and may require additional labor; new structured funding fields were introduced for downstream reconciliation.,"At order level, reconcile displayed discount, promo IDs, merchant-funded amount, DoorDash-funded amount, refunds and final settlement.",Immutable order-level promotion ledger and funding reconciliation before close.,Unreconciled promo dollars; manual reconciliation hours; mismatch rate.,Financial reconciliation
E06,Merchant,Order Errors,Merchant error charges can be disputed after responsibility assignment.,Responsibility under incomplete evidence,"When evidence is partial, automated responsibility assignment should expose confidence and allow evidence-based review.",Supported hypothesis,B,S10,"DoorDash documents claim evaluation using photos, error type and fraud criteria; merchant error charges may be disputed if responsibility is believed incorrect.","Compare evidence completeness, decision confidence, dispute rate, dispute overturn and repeated issue patterns by item/store/Dasher.","Evidence completeness scoring, confidence routing and structured disputes.",Dispute overturn; low-confidence auto-charge rate; resolution time.,Exception management
E07,Customer,Pricing / Fees,"Customer fees can vary with distance, order size, merchant, membership and local regulation.",Pricing complexity / expectation gap,Technically valid dynamic pricing can still create perceived inconsistency if reasons and savings are not transparent.,Confirmed context / supported hypothesis,B,S11,"DoorDash states exact fees depend on merchant, DashPass status and local regulations, and that updated service fees can vary with distance and order size.","Compare displayed fee explanation, expected rule output, checkout authorization and settled amount; separate valid variation from rule violations.","Price-rule traceability, transparent reason codes and displayed-to-settled reconciliation.",Displayed-to-settled variance; fee-related contact rate; checkout abandonment.,Pricing governance
E08,Customer,DashPass,DashPass does not mean zero total fees.,Benefit eligibility / expectation gap,"Membership value must be explained at the eligible-order level, not inferred from the existence of a subscription.",Confirmed context,B,S12,"DoorDash says eligible orders get $0 delivery fees and reduced service fees, subject to DashPass merchant and subtotal requirements.","Track eligible vs ineligible orders, expected benefit, realized savings and contacts after benefit non-application.",Eligibility pre-check and explicit savings bridge at checkout.,Benefit realization; eligibility-failure contacts; conversion.,Pricing governance
E11,Merchant,Economics,Marketplace commission and menu markup can create demand/margin tension.,Marketplace economic tradeoff,Merchant margin pressure and customer price sensitivity can work against each other even when systems operate correctly.,Confirmed context,B,S8,"DoorDash current merchant plans list 15%, 25% and 30% delivery commission tiers and 6% pickup.","Model merchant contribution margin and incremental demand by plan, markup, promo spend and reorder behavior.",Merchant profitability cockpit and pricing guardrails.,Contribution margin/order; markup; conversion; reorder.,Marketplace economics
E12,Merchant,Economics,DoorDash study associates menu markup with lower sales and reorder.,Price elasticity / marketplace tension,Markup can protect merchant unit economics while reducing conversion and retention.,Confirmed company study,B,S9,"DoorDash cites a 2023 internal study of 4,500+ restaurants in which marked-up restaurants could see up to 37% fewer sales and up to 78% lower reorder rates.","Estimate causal effect by merchant cohort, category, geography and baseline margin rather than generalizing the maximum reported effect.",Test pricing interventions and merchant-specific margin/reorder tradeoffs.,Sales; reorder; contribution margin; price gap vs in-store.,Marketplace economics
E13,Customer,Complaint Signals,"BBB shows a large complaint-channel volume across product, service, delivery and billing categories.",Voice-of-customer signal only,Complaint-channel data can identify themes but cannot establish platform-wide defect prevalence or causality.,Signal only,C,S13,"BBB profile currently lists 21,839 complaints over three years with category breakdown. BBB also notes displayed complaints may not represent all filed complaints.",Join complaint theme coding to an internal denominator: eligible orders/users and verified incident outcomes.,"Use complaint data only as hypothesis generation, then validate against internal event and case data.",Verified incidents per eligible order; complaint-to-confirmed ratio.,Research method
