PhaseOrder,Phase,ControlType,Action,Rationale,KPI,MechanismsCovered
1,0-90 days,Canonical transaction state,"Define a canonical event/state schema for pricing, order, support and settlement handoffs.",A shared state model makes mismatches observable before teams argue over which system is correct.,Unexplained state mismatch rate,Fragmented source of truth; cross-system reconciliation
1,0-90 days,Pay reconciliation,Instrument expected-vs-actual pay events with jurisdiction and rule version for high-risk markets.,Anchors the strongest confirmed public case in a preventive control.,Expected-vs-paid variance; payout exception aging,Complex event-state to pay-rule mapping
1,0-90 days,Evidence taxonomy,"Standardize reason codes, evidence completeness and decision confidence across support/dispute workflows.",Ambiguous exceptions need an evidence trail that humans and automation can interpret consistently.,Evidence completeness; appeal/dispute overturn,Responsibility under incomplete evidence
2,3-6 months,Versioned rule governance,"Centralize effective dating, approvals, backtests, shadow evaluation and audit trails for high-risk business rules.",DoorDash fraud engineering shows this pattern materially improves speed and safety.,Rule escape; rollback; false-positive proxy,Rule-governance false positive; jurisdiction fragmentation
2,3-6 months,Reconciliation service,"Reconcile promotion, payment, merchant adjustment and payout amounts before financial closure.",Financial discrepancies are cheaper to stop before settlement than to resolve through support later.,Unreconciled dollars; manual reconciliation hours,Cross-system reconciliation
2,3-6 months,Confidence-based exception routing,Route low-confidence automated outcomes to an authorized reviewer with the full decision/evidence packet.,Automation should scale high-confidence decisions without trapping ambiguous cases.,First-contact resolution; appeal overturn; repeat contacts,Responsibility under incomplete evidence; rule false positives
3,6-12 months,Joint objective guardrails,"Monitor customer, merchant, Dasher and platform guardrails together for optimization changes.",DoorDash logistics research shows local improvements can shift cost or quality to another objective.,Cost + quality guardrail attainment,Cross-stakeholder objective conflict
3,6-12 months,Closed-loop settlement confirmation,Treat a transaction as financially closed only after downstream settlement/receipt is confirmed or an explicit exception remains open.,Prevents silent mismatch between calculated and realized financial outcomes.,Open settlement exceptions; confirmation latency,Pay reconciliation; financial reconciliation
3,6-12 months,Incident-to-regression loop,Convert verified incidents and overturned decisions into permanent regression cases for rules and reconciliation logic.,Prevents the same edge state from reappearing after a fix.,Repeat-incident rate; regression coverage,All high-risk mechanisms
